entity_name,unit,count,pct_within_entity,is_allowed,canonicalises_to
depth,centimetre,21545,47.7430363197199,True,centimetre
depth,inch,14736,32.65450838743989,True,inch
depth,millimetre,7223,16.005938794956457,True,millimetre
depth,metre,861,1.9079486781749286,True,metre
depth,foot,762,1.6885678197088219,True,foot
height,centimetre,22389,51.35445099433448,True,centimetre
height,inch,15467,35.47721173475239,True,inch
height,millimetre,5193,11.911370048397824,True,millimetre
height,metre,330,0.7569328164781981,True,metre
height,foot,218,0.5000344060371127,True,foot
item_volume,millilitre,3506,45.63915646966936,True,millilitre
item_volume,fluid ounce,2022,26.321270502473315,True,fluid ounce
item_volume,litre,894,11.637594376464461,True,litre
item_volume,ounce,300,3.9052330122363967,False,ounce
item_volume,gallon,175,2.2780525904712317,True,gallon
item_volume,cubic inch,161,2.095808383233533,True,cubic inch
item_volume,pint,107,1.3928664410309817,True,pint
item_volume,quart,102,1.327779224160375,True,quart
item_volume,decilitre,97,1.2626920072897683,True,decilitre
item_volume,cup,82,1.0674303566779484,True,cup
item_volume,cubic foot,51,0.6638896120801875,True,cubic foot
item_volume,centilitre,32,0.4165581879718824,True,centilitre
item_volume,12.0] fluid ounce,27,0.3514709711012757,False,
item_volume,10.0] fluid ounce,10,0.1301744337412132,False,
item_volume,2.0] millilitre,9,0.1171569903670919,False,
item_volume,200.0] millilitre,7,0.09112210361884926,False,
item_volume,250.0] millilitre,6,0.07810466024472794,False,
item_volume,3.0] millilitre,6,0.07810466024472794,False,
item_volume,300.0] millilitre,6,0.07810466024472794,False,
item_volume,150.0] millilitre,5,0.0650872168706066,False,
item_volume,30.0] millilitre,5,0.0650872168706066,False,
item_volume,5.0] litre,5,0.0650872168706066,False,
item_volume,4.0] millilitre,4,0.0520697734964853,False,
item_volume,500.0] millilitre,4,0.0520697734964853,False,
item_volume,8.0] fluid ounce,4,0.0520697734964853,False,
item_volume,120.0] millilitre,3,0.03905233012236397,False,
item_volume,6.0] litre,3,0.03905233012236397,False,
item_volume,0.2] millilitre,2,0.02603488674824265,False,
item_volume,15.0] millilitre,2,0.02603488674824265,False,
item_volume,16.0] fluid ounce,2,0.02603488674824265,False,
item_volume,2.0] litre,2,0.02603488674824265,False,
item_volume,2.0] quart,2,0.02603488674824265,False,
item_volume,20.0] fluid ounce,2,0.02603488674824265,False,
item_volume,20.0] millilitre,2,0.02603488674824265,False,
item_volume,220.0] millilitre,2,0.02603488674824265,False,
item_volume,3.0] litre,2,0.02603488674824265,False,
item_volume,5.0] gallon,2,0.02603488674824265,False,
item_volume,50.0] millilitre,2,0.02603488674824265,False,
item_volume,6.0] fluid ounce,2,0.02603488674824265,False,
item_volume,1.0] millilitre,1,0.013017443374121324,False,
item_volume,1.5] litre,1,0.013017443374121324,False,
item_volume,1.6] millilitre,1,0.013017443374121324,False,
item_volume,10.0] millilitre,1,0.013017443374121324,False,
item_volume,100.0] millilitre,1,0.013017443374121324,False,
item_volume,11.0] ounce,1,0.013017443374121324,False,
item_volume,15.0] gallon,1,0.013017443374121324,False,
item_volume,16.0] ounce,1,0.013017443374121324,False,
item_volume,167.0] decilitre,1,0.013017443374121324,False,
item_volume,19.0] litre,1,0.013017443374121324,False,
item_volume,2.0] gallon,1,0.013017443374121324,False,
item_volume,2.0] ounce,1,0.013017443374121324,False,
item_volume,22.0] litre,1,0.013017443374121324,False,
item_volume,25.0] millilitre,1,0.013017443374121324,False,
item_volume,350.0] millilitre,1,0.013017443374121324,False,
item_volume,400.0] millilitre,1,0.013017443374121324,False,
item_volume,5.0] millilitre,1,0.013017443374121324,False,
item_volume,6.0] millilitre,1,0.013017443374121324,False,
item_volume,60.0] millilitre,1,0.013017443374121324,False,
item_volume,600.0] millilitre,1,0.013017443374121324,False,
item_volume,7.0] fluid ounce,1,0.013017443374121324,False,
item_volume,7.0] millilitre,1,0.013017443374121324,False,
item_volume,8.0] ounce,1,0.013017443374121324,False,
item_volume,8.0] pint,1,0.013017443374121324,False,
item_volume,8.5] litre,1,0.013017443374121324,False,
item_weight,gram,63137,61.42568054015138,True,gram
item_weight,kilogram,11716,11.398439476193257,True,kilogram
item_weight,ounce,8290,8.065300721888196,True,ounce
item_weight,pound,8110,7.890179596443095,True,pound
item_weight,milligram,7967,7.751055591228377,True,milligram
item_weight,ton,1115,1.0847780826182554,True,ton
item_weight,microgram,725,0.7053489774872065,True,microgram
item_weight,fluid ounce,105,0.10215398984297472,False,fluid ounce
item_weight,55.0] pound,71,0.06907555503667814,False,
item_weight,millilitre,47,0.04572607164399821,False,millilitre
item_weight,50.0] pound,43,0.041834491078551556,False,
item_weight,30.0] kilogram,42,0.04086159593718989,False,
item_weight,10.0] kilogram,39,0.037942910513104895,False,
item_weight,15.0] kilogram,38,0.036970015371743235,False,
item_weight,kilogram to 25 kilogram,35,0.03405132994765824,False,
item_weight,25.0] kilogram,33,0.032105539664934915,False,
item_weight,candela,28,0.027241063958126595,False,
item_weight,kilogram to 10 kilogram,27,0.026268168816764928,False,
item_weight,20.0] kilogram,26,0.025295273675403265,False,
item_weight,70.0] pound,23,0.022376588251318275,False,
item_weight,40.0] kilogram,22,0.02140369310995661,False,
item_weight,16.0] kilogram,20,0.01945790282723328,False,
item_weight,18.0] kilogram,19,0.018485007685871618,False,
item_weight,2006.0] gram,19,0.018485007685871618,False,
item_weight,35.0] kilogram,19,0.018485007685871618,False,
item_weight,5.0] kilogram,18,0.01751211254450995,False,
item_weight,3.0] kilogram,17,0.016539217403148287,False,
item_weight,4.0] kilogram,15,0.01459342712042496,False,
item_weight,2.0] gram,14,0.013620531979063297,False,
item_weight,2013.0] gram,13,0.012647636837701632,False,
item_weight,300.0] gram,13,0.012647636837701632,False,
item_weight,18.0] pound,12,0.011674741696339967,False,
item_weight,26.0] kilogram,12,0.011674741696339967,False,
item_weight,66.0] pound,12,0.011674741696339967,False,
item_weight,gram to 1200 gram,12,0.011674741696339967,False,
item_weight,kilogram to 20 kilogram,12,0.011674741696339967,False,
item_weight,11.0] kilogram,11,0.010701846554978306,False,
item_weight,12.0] ounce,10,0.00972895141361664,False,
item_weight,2014.0] gram,10,0.00972895141361664,False,
item_weight,7.0] kilogram,10,0.00972895141361664,False,
item_weight,200.0] gram,9,0.008756056272254975,False,
item_weight,2007.0] gram,9,0.008756056272254975,False,
item_weight,50.0] kilogram,9,0.008756056272254975,False,
item_weight,6.0] pound,9,0.008756056272254975,False,
item_weight,60.0] kilogram,9,0.008756056272254975,False,
item_weight,8.0] ounce,9,0.008756056272254975,False,
item_weight,90.0] kilogram,9,0.008756056272254975,False,
item_weight,20.0] gram,8,0.007783161130893313,False,
item_weight,3.5] kilogram,8,0.007783161130893313,False,
item_weight,36.0] kilogram,8,0.007783161130893313,False,
item_weight,8.0] kilogram,8,0.007783161130893313,False,
item_weight,kilogram to 30 kilogram,8,0.007783161130893313,False,
item_weight,10.0] gram,7,0.006810265989531649,False,
item_weight,2.0] kilogram,7,0.006810265989531649,False,
item_weight,20.0] pound,7,0.006810265989531649,False,
item_weight,30.0] pound,7,0.006810265989531649,False,
item_weight,70.0] kilogram,7,0.006810265989531649,False,
item_weight,8.1] ounce,7,0.006810265989531649,False,
item_weight,80.0] kilogram,7,0.006810265989531649,False,
item_weight,gram to 110 gram,7,0.006810265989531649,False,
item_weight,pound to 32 pound,7,0.006810265989531649,False,
item_weight,13.0] kilogram,6,0.005837370848169984,False,
item_weight,150.0] kilogram,6,0.005837370848169984,False,
item_weight,16.0] ounce,6,0.005837370848169984,False,
item_weight,19.0] kilogram,6,0.005837370848169984,False,
item_weight,20.0] ounce,6,0.005837370848169984,False,
item_weight,2019.0] gram,6,0.005837370848169984,False,
item_weight,40.0] pound,6,0.005837370848169984,False,
item_weight,500.0] gram,6,0.005837370848169984,False,
item_weight,75.0] kilogram,6,0.005837370848169984,False,
item_weight,kilogram to 11 kilogram,6,0.005837370848169984,False,
item_weight,kilogram to 1kilogram,6,0.005837370848169984,False,
item_weight,kilogram to 44 kilogram,6,0.005837370848169984,False,
item_weight,kilogram to 9 kilogram,6,0.005837370848169984,False,
item_weight,0.6] kilogram,5,0.00486447570680832,False,
item_weight,12.0] gram,5,0.00486447570680832,False,
item_weight,12.0] kilogram,5,0.00486447570680832,False,
item_weight,14.0] kilogram,5,0.00486447570680832,False,
item_weight,1999.0] gram,5,0.00486447570680832,False,
item_weight,220.0] pound,5,0.00486447570680832,False,
item_weight,3.0] gram,5,0.00486447570680832,False,
item_weight,30.0] gram,5,0.00486447570680832,False,
item_weight,4.0] gram,5,0.00486447570680832,False,
item_weight,55.0] kilogram,5,0.00486447570680832,False,
item_weight,60.0] gram,5,0.00486447570680832,False,
item_weight,60.0] pound,5,0.00486447570680832,False,
item_weight,65.0] kilogram,5,0.00486447570680832,False,
item_weight,8.0] gram,5,0.00486447570680832,False,
item_weight,80.0] gram,5,0.00486447570680832,False,
item_weight,cup,5,0.00486447570680832,False,cup
item_weight,kilogram to 2kilogram,5,0.00486447570680832,False,
item_weight,kilogram to 4 kilogram,5,0.00486447570680832,False,
item_weight,10.0] pound,4,0.0038915805654466565,False,
item_weight,130.0] kilogram,4,0.0038915805654466565,False,
item_weight,14.0] gram,4,0.0038915805654466565,False,
item_weight,14.0] ounce,4,0.0038915805654466565,False,
item_weight,2000.0] milligram,4,0.0038915805654466565,False,
item_weight,22.0] kilogram,4,0.0038915805654466565,False,
item_weight,25.0] pound,4,0.0038915805654466565,False,
item_weight,36.0] pound,4,0.0038915805654466565,False,
item_weight,45.0] kilogram,4,0.0038915805654466565,False,
item_weight,5.0] gram,4,0.0038915805654466565,False,
item_weight,5.6] gram,4,0.0038915805654466565,False,
item_weight,500.0] milligram,4,0.0038915805654466565,False,
item_weight,58.0] pound,4,0.0038915805654466565,False,
item_weight,6.0] gram,4,0.0038915805654466565,False,
item_weight,7.5] kilogram,4,0.0038915805654466565,False,
item_weight,8.0] pound,4,0.0038915805654466565,False,
item_weight,gram to 6 gram,4,0.0038915805654466565,False,
item_weight,inch,4,0.0038915805654466565,False,inch
item_weight,kilogram to 15 kilogram,4,0.0038915805654466565,False,
item_weight,kilogram to 2 kilogram,4,0.0038915805654466565,False,
item_weight,kilogram to 3 kilogram,4,0.0038915805654466565,False,
item_weight,kilogram to 40 kilogram,4,0.0038915805654466565,False,
item_weight,kilogram to 50 kilogram,4,0.0038915805654466565,False,
item_weight,1.0] ounce,3,0.002918685424084992,False,
item_weight,1.8] gram,3,0.002918685424084992,False,
item_weight,100.0] gram,3,0.002918685424084992,False,
item_weight,100.0] kilogram,3,0.002918685424084992,False,
item_weight,17.0] kilogram,3,0.002918685424084992,False,
item_weight,17.0] ounce,3,0.002918685424084992,False,
item_weight,2000.0] gram,3,0.002918685424084992,False,
item_weight,2012.0] gram,3,0.002918685424084992,False,
item_weight,2015.0] gram,3,0.002918685424084992,False,
item_weight,2020.0] gram,3,0.002918685424084992,False,
item_weight,21.0] kilogram,3,0.002918685424084992,False,
item_weight,220.0] gram,3,0.002918685424084992,False,
item_weight,25.0] gram,3,0.002918685424084992,False,
item_weight,280.0] gram,3,0.002918685424084992,False,
item_weight,3.0] pound,3,0.002918685424084992,False,
item_weight,32.0] kilogram,3,0.002918685424084992,False,
item_weight,330.0] gram,3,0.002918685424084992,False,
item_weight,360.0] gram,3,0.002918685424084992,False,
item_weight,370.0] gram,3,0.002918685424084992,False,
item_weight,375.0] gram,3,0.002918685424084992,False,
item_weight,4.0] pound,3,0.002918685424084992,False,
item_weight,45.0] gram,3,0.002918685424084992,False,
item_weight,48.0] gram,3,0.002918685424084992,False,
item_weight,4928.0] milligram,3,0.002918685424084992,False,
item_weight,50.0] gram,3,0.002918685424084992,False,
item_weight,700.0] gram,3,0.002918685424084992,False,
item_weight,8.4] ounce,3,0.002918685424084992,False,
item_weight,90.0] pound,3,0.002918685424084992,False,
item_weight,carat,3,0.002918685424084992,False,
item_weight,gram to 1130 gram,3,0.002918685424084992,False,
item_weight,gram to 20 gram,3,0.002918685424084992,False,
item_weight,gram to 300 gram,3,0.002918685424084992,False,
item_weight,gram to 850 gram,3,0.002918685424084992,False,
item_weight,kilogram to 16 kilogram,3,0.002918685424084992,False,
item_weight,pound to 65 pound,3,0.002918685424084992,False,
item_weight,1.0] gram,2,0.0019457902827233282,False,
item_weight,10.0] ounce,2,0.0019457902827233282,False,
item_weight,10.5] ounce,2,0.0019457902827233282,False,
item_weight,100.0] pound,2,0.0019457902827233282,False,
item_weight,1000.0] gram,2,0.0019457902827233282,False,
item_weight,110.0] pound,2,0.0019457902827233282,False,
item_weight,12.5] kilogram,2,0.0019457902827233282,False,
item_weight,120.0] kilogram,2,0.0019457902827233282,False,
item_weight,13.0] gram,2,0.0019457902827233282,False,
item_weight,15.0] pound,2,0.0019457902827233282,False,
item_weight,175.0] pound,2,0.0019457902827233282,False,
item_weight,19.8] pound,2,0.0019457902827233282,False,
item_weight,1994.0] gram,2,0.0019457902827233282,False,
item_weight,2.398] ounce,2,0.0019457902827233282,False,
item_weight,2.9] gram,2,0.0019457902827233282,False,
item_weight,2001.0] gram,2,0.0019457902827233282,False,
item_weight,2008.0] gram,2,0.0019457902827233282,False,
item_weight,2009.0] gram,2,0.0019457902827233282,False,
item_weight,2016.0] ton,2,0.0019457902827233282,False,
item_weight,2018.0] gram,2,0.0019457902827233282,False,
item_weight,21.0] gram,2,0.0019457902827233282,False,
item_weight,210.0] gram,2,0.0019457902827233282,False,
item_weight,23.0] kilogram,2,0.0019457902827233282,False,
item_weight,24.0] ounce,2,0.0019457902827233282,False,
item_weight,250.0] milligram,2,0.0019457902827233282,False,
item_weight,26.0] pound,2,0.0019457902827233282,False,
item_weight,275.0] pound,2,0.0019457902827233282,False,
item_weight,28.0] gram,2,0.0019457902827233282,False,
item_weight,29.0] kilogram,2,0.0019457902827233282,False,
item_weight,3.1] gram,2,0.0019457902827233282,False,
item_weight,300.0] milligram,2,0.0019457902827233282,False,
item_weight,33.0] pound,2,0.0019457902827233282,False,
item_weight,34.0] kilogram,2,0.0019457902827233282,False,
item_weight,350.0] pound,2,0.0019457902827233282,False,
item_weight,39.6] pound,2,0.0019457902827233282,False,
item_weight,4.5] kilogram,2,0.0019457902827233282,False,
item_weight,400.0] gram,2,0.0019457902827233282,False,
item_weight,410.0] gram,2,0.0019457902827233282,False,
item_weight,44.0] kilogram,2,0.0019457902827233282,False,
item_weight,46.0] gram,2,0.0019457902827233282,False,
item_weight,46.0] pound,2,0.0019457902827233282,False,
item_weight,5.0] pound,2,0.0019457902827233282,False,
item_weight,6.0] kilogram,2,0.0019457902827233282,False,
item_weight,6.5] kilogram,2,0.0019457902827233282,False,
item_weight,6.6] pound,2,0.0019457902827233282,False,
item_weight,65.0] pound,2,0.0019457902827233282,False,
item_weight,7.1] gram,2,0.0019457902827233282,False,
item_weight,7.4] ounce,2,0.0019457902827233282,False,
item_weight,74.0] kilogram,2,0.0019457902827233282,False,
item_weight,75.0] pound,2,0.0019457902827233282,False,
item_weight,750.0] gram,2,0.0019457902827233282,False,
item_weight,77.0] pound,2,0.0019457902827233282,False,
item_weight,8.2] ounce,2,0.0019457902827233282,False,
item_weight,88.0] pound,2,0.0019457902827233282,False,
item_weight,9.0] ounce,2,0.0019457902827233282,False,
item_weight,gigabyte,2,0.0019457902827233282,False,
item_weight,gram to 1050 gram,2,0.0019457902827233282,False,
item_weight,gram to 1100 gram,2,0.0019457902827233282,False,
item_weight,gram to 15 gram,2,0.0019457902827233282,False,
item_weight,gram to 30 gram,2,0.0019457902827233282,False,
item_weight,kilogram to 2.1 kilogram,2,0.0019457902827233282,False,
item_weight,kilogram to 22 kilogram,2,0.0019457902827233282,False,
item_weight,kilogram to 8 kilogram,2,0.0019457902827233282,False,
item_weight,ounce to 8 ounce,2,0.0019457902827233282,False,
item_weight,pound to 35 pound,2,0.0019457902827233282,False,
item_weight,pound to 4.5 pound,2,0.0019457902827233282,False,
item_weight,pound to 6 pound,2,0.0019457902827233282,False,
item_weight,pound to 7 pound,2,0.0019457902827233282,False,
item_weight,pound to 9 pound,2,0.0019457902827233282,False,
item_weight,quart,2,0.0019457902827233282,False,quart
item_weight,0.03] gram,1,0.0009728951413616641,False,
item_weight,0.2] gram,1,0.0009728951413616641,False,
item_weight,0.2] kilogram,1,0.0009728951413616641,False,
item_weight,0.35] pound,1,0.0009728951413616641,False,
item_weight,0.3] kilogram,1,0.0009728951413616641,False,
item_weight,0.5] gram,1,0.0009728951413616641,False,
item_weight,1.5] gram,1,0.0009728951413616641,False,
item_weight,1.5] kilogram,1,0.0009728951413616641,False,
item_weight,1.6] gram,1,0.0009728951413616641,False,
item_weight,1.6] kilogram,1,0.0009728951413616641,False,
item_weight,10.58] ounce,1,0.0009728951413616641,False,
item_weight,100.0] ton,1,0.0009728951413616641,False,
item_weight,104.7] pound,1,0.0009728951413616641,False,
item_weight,11.0] pound,1,0.0009728951413616641,False,
item_weight,11.6] gram,1,0.0009728951413616641,False,
item_weight,11.6] pound,1,0.0009728951413616641,False,
item_weight,1100.0] gram,1,0.0009728951413616641,False,
item_weight,1125.0] kilogram,1,0.0009728951413616641,False,
item_weight,114.0] kilogram,1,0.0009728951413616641,False,
item_weight,115.0] gram,1,0.0009728951413616641,False,
item_weight,1150.0] gram,1,0.0009728951413616641,False,
item_weight,116.0] gram,1,0.0009728951413616641,False,
item_weight,12.0] pound,1,0.0009728951413616641,False,
item_weight,120.0] ounce,1,0.0009728951413616641,False,
item_weight,1210.0] gram,1,0.0009728951413616641,False,
item_weight,13.0] pound,1,0.0009728951413616641,False,
item_weight,13.5] kilogram,1,0.0009728951413616641,False,
item_weight,130.0] ounce,1,0.0009728951413616641,False,
item_weight,130.0] pound,1,0.0009728951413616641,False,
item_weight,132.0] pound,1,0.0009728951413616641,False,
item_weight,135.0] milligram,1,0.0009728951413616641,False,
item_weight,138.0] milligram,1,0.0009728951413616641,False,
item_weight,140.0] pound,1,0.0009728951413616641,False,
item_weight,145.0] gram,1,0.0009728951413616641,False,
item_weight,15.0] gram,1,0.0009728951413616641,False,
item_weight,15.88] gram,1,0.0009728951413616641,False,
item_weight,150.0] gram,1,0.0009728951413616641,False,
item_weight,1500.0] milligram,1,0.0009728951413616641,False,
item_weight,1600.0] pound,1,0.0009728951413616641,False,
item_weight,165.0] gram,1,0.0009728951413616641,False,
item_weight,17.0] gram,1,0.0009728951413616641,False,
item_weight,17.0] pound,1,0.0009728951413616641,False,
item_weight,17.5] kilogram,1,0.0009728951413616641,False,
item_weight,170.0] gram,1,0.0009728951413616641,False,
item_weight,17005.0] pound,1,0.0009728951413616641,False,
item_weight,175.0] gram,1,0.0009728951413616641,False,
item_weight,180.0] gram,1,0.0009728951413616641,False,
item_weight,180.0] pound,1,0.0009728951413616641,False,
item_weight,188.0] pound,1,0.0009728951413616641,False,
item_weight,1987.0] gram,1,0.0009728951413616641,False,
item_weight,1991.0] gram,1,0.0009728951413616641,False,
item_weight,2.0] ounce,1,0.0009728951413616641,False,
item_weight,2.0] pound,1,0.0009728951413616641,False,
item_weight,2.2] gram,1,0.0009728951413616641,False,
item_weight,2.3] kilogram,1,0.0009728951413616641,False,
item_weight,2.5] gram,1,0.0009728951413616641,False,
item_weight,2.5] kilogram,1,0.0009728951413616641,False,
item_weight,2.77] gram,1,0.0009728951413616641,False,
item_weight,2.7] gram,1,0.0009728951413616641,False,
item_weight,2.82] ounce,1,0.0009728951413616641,False,
item_weight,2.85] gram,1,0.0009728951413616641,False,
item_weight,2002.0] gram,1,0.0009728951413616641,False,
item_weight,2003.0] gram,1,0.0009728951413616641,False,
item_weight,2004.0] gram,1,0.0009728951413616641,False,
item_weight,2017.0] gram,1,0.0009728951413616641,False,
item_weight,2021.0] gram,1,0.0009728951413616641,False,
item_weight,2022.0] gram,1,0.0009728951413616641,False,
item_weight,2023.0] gram,1,0.0009728951413616641,False,
item_weight,205.0] gram,1,0.0009728951413616641,False,
item_weight,22.0] gram,1,0.0009728951413616641,False,
item_weight,225.0] pound,1,0.0009728951413616641,False,
item_weight,24.0] pound,1,0.0009728951413616641,False,
item_weight,24.8] pound,1,0.0009728951413616641,False,
item_weight,250.0] gram,1,0.0009728951413616641,False,
item_weight,255.0] gram,1,0.0009728951413616641,False,
item_weight,27.0] kilogram,1,0.0009728951413616641,False,
item_weight,27.0] pound,1,0.0009728951413616641,False,
item_weight,28.0] pound,1,0.0009728951413616641,False,
item_weight,3.0] ton,1,0.0009728951413616641,False,
item_weight,3.4] kilogram,1,0.0009728951413616641,False,
item_weight,3.7] gram,1,0.0009728951413616641,False,
item_weight,3.7] kilogram,1,0.0009728951413616641,False,
item_weight,3.9] gram,1,0.0009728951413616641,False,
item_weight,30.0] milligram,1,0.0009728951413616641,False,
item_weight,3000.0] ounce,1,0.0009728951413616641,False,
item_weight,31.0] kilogram,1,0.0009728951413616641,False,
item_weight,32.0] milligram,1,0.0009728951413616641,False,
item_weight,33.07] pound,1,0.0009728951413616641,False,
item_weight,33.1] pound,1,0.0009728951413616641,False,
item_weight,330.0] pound,1,0.0009728951413616641,False,
item_weight,34.0] gram,1,0.0009728951413616641,False,
item_weight,35.0] gram,1,0.0009728951413616641,False,
item_weight,35.0] pound,1,0.0009728951413616641,False,
item_weight,36.0] gram,1,0.0009728951413616641,False,
item_weight,362.0] gram,1,0.0009728951413616641,False,
item_weight,37.0] gram,1,0.0009728951413616641,False,
item_weight,37.5] gram,1,0.0009728951413616641,False,
item_weight,38.0] gram,1,0.0009728951413616641,False,
item_weight,380.0] gram,1,0.0009728951413616641,False,
item_weight,39.0] gram,1,0.0009728951413616641,False,
item_weight,390.0] gram,1,0.0009728951413616641,False,
item_weight,395.0] gram,1,0.0009728951413616641,False,
item_weight,4.0] ton,1,0.0009728951413616641,False,
item_weight,4.5] milligram,1,0.0009728951413616641,False,
item_weight,40.0] gram,1,0.0009728951413616641,False,
item_weight,40.0] ounce,1,0.0009728951413616641,False,
item_weight,41.0] pound,1,0.0009728951413616641,False,
item_weight,430.0] gram,1,0.0009728951413616641,False,
item_weight,44.0] gram,1,0.0009728951413616641,False,
item_weight,44.0] pound,1,0.0009728951413616641,False,
item_weight,445.0] gram,1,0.0009728951413616641,False,
item_weight,45.4] kilogram,1,0.0009728951413616641,False,
item_weight,450.0] gram,1,0.0009728951413616641,False,
item_weight,490.0] gram,1,0.0009728951413616641,False,
item_weight,5.5] kilogram,1,0.0009728951413616641,False,
item_weight,5.6] milligram,1,0.0009728951413616641,False,
item_weight,5.75] ounce,1,0.0009728951413616641,False,
item_weight,5.7] gram,1,0.0009728951413616641,False,
item_weight,50.0] milligram,1,0.0009728951413616641,False,
item_weight,52.0] pound,1,0.0009728951413616641,False,
item_weight,52.5] kilogram,1,0.0009728951413616641,False,
item_weight,55.0] gram,1,0.0009728951413616641,False,
item_weight,6.0] ton,1,0.0009728951413616641,False,
item_weight,6.61] pound,1,0.0009728951413616641,False,
item_weight,6.8] kilogram,1,0.0009728951413616641,False,
item_weight,600.0] gram,1,0.0009728951413616641,False,
item_weight,61.0] kilogram,1,0.0009728951413616641,False,
item_weight,62.0] kilogram,1,0.0009728951413616641,False,
item_weight,620.0] gram,1,0.0009728951413616641,False,
item_weight,65.0] gram,1,0.0009728951413616641,False,
item_weight,68.0] pound,1,0.0009728951413616641,False,
item_weight,680.0] milligram,1,0.0009728951413616641,False,
item_weight,69.5] gram,1,0.0009728951413616641,False,
item_weight,7.0] pound,1,0.0009728951413616641,False,
item_weight,7.5] pound,1,0.0009728951413616641,False,
item_weight,7.7] gram,1,0.0009728951413616641,False,
item_weight,7.7] kilogram,1,0.0009728951413616641,False,
item_weight,7.9] ounce,1,0.0009728951413616641,False,
item_weight,70.0] gram,1,0.0009728951413616641,False,
item_weight,74.0] pound,1,0.0009728951413616641,False,
item_weight,75.0] gram,1,0.0009728951413616641,False,
item_weight,77.0] gram,1,0.0009728951413616641,False,
item_weight,79.0] pound,1,0.0009728951413616641,False,
item_weight,8.3] ounce,1,0.0009728951413616641,False,
item_weight,800.0] gram,1,0.0009728951413616641,False,
item_weight,800.0] milligram,1,0.0009728951413616641,False,
item_weight,8000.0] pound,1,0.0009728951413616641,False,
item_weight,830.0] gram,1,0.0009728951413616641,False,
item_weight,85.0] gram,1,0.0009728951413616641,False,
item_weight,85.0] kilogram,1,0.0009728951413616641,False,
item_weight,85.0] pound,1,0.0009728951413616641,False,
item_weight,850.0] gram,1,0.0009728951413616641,False,
item_weight,89.0] gram,1,0.0009728951413616641,False,
item_weight,9.0] gram,1,0.0009728951413616641,False,
item_weight,9.0] kilogram,1,0.0009728951413616641,False,
item_weight,9.0] pound,1,0.0009728951413616641,False,
item_weight,9.9] pound,1,0.0009728951413616641,False,
item_weight,90.0] gram,1,0.0009728951413616641,False,
item_weight,930.0] gram,1,0.0009728951413616641,False,
item_weight,99.0] pound,1,0.0009728951413616641,False,
item_weight,centimetre,1,0.0009728951413616641,False,centimetre
item_weight,cubic inch,1,0.0009728951413616641,False,cubic inch
item_weight,e+17 pound,1,0.0009728951413616641,False,
item_weight,gram to 0.81 gram,1,0.0009728951413616641,False,
item_weight,gram to 100 gram,1,0.0009728951413616641,False,
item_weight,gram to 120 gram,1,0.0009728951413616641,False,
item_weight,gram to 1240 gram,1,0.0009728951413616641,False,
item_weight,gram to 1250 gram,1,0.0009728951413616641,False,
item_weight,gram to 1270 gram,1,0.0009728951413616641,False,
item_weight,gram to 1300 gram,1,0.0009728951413616641,False,
item_weight,gram to 1450 gram,1,0.0009728951413616641,False,
item_weight,gram to 165 gram,1,0.0009728951413616641,False,
item_weight,gram to 2 gram,1,0.0009728951413616641,False,
item_weight,gram to 280 gram,1,0.0009728951413616641,False,
item_weight,gram to 35 gram,1,0.0009728951413616641,False,
item_weight,gram to 45 gram,1,0.0009728951413616641,False,
item_weight,gram to 450 gram,1,0.0009728951413616641,False,
item_weight,gram to 5 gram,1,0.0009728951413616641,False,
item_weight,gram to 66 gram,1,0.0009728951413616641,False,
item_weight,gram to 75 gram,1,0.0009728951413616641,False,
item_weight,gram to 87 gram,1,0.0009728951413616641,False,
item_weight,gram to 89 gram,1,0.0009728951413616641,False,
item_weight,gram to 99.9 gram,1,0.0009728951413616641,False,
item_weight,kilogram to 1 kilogram,1,0.0009728951413616641,False,
item_weight,kilogram to 1.75 kilogram,1,0.0009728951413616641,False,
item_weight,kilogram to 12 kilogram,1,0.0009728951413616641,False,
item_weight,kilogram to 14 kilogram,1,0.0009728951413616641,False,
item_weight,kilogram to 18 kilogram,1,0.0009728951413616641,False,
item_weight,kilogram to 24 kilogram,1,0.0009728951413616641,False,
item_weight,kilogram to 32 kilogram,1,0.0009728951413616641,False,
item_weight,kilogram to 45 kilogram,1,0.0009728951413616641,False,
item_weight,kilogram to 5 kilogram,1,0.0009728951413616641,False,
item_weight,kilogram to 7 kilogram,1,0.0009728951413616641,False,
item_weight,litre,1,0.0009728951413616641,False,litre
item_weight,milligram to 375 milligram,1,0.0009728951413616641,False,
item_weight,millilitre to 10 millilitre,1,0.0009728951413616641,False,
item_weight,millimetre,1,0.0009728951413616641,False,millimetre
item_weight,nits,1,0.0009728951413616641,False,
item_weight,ounce to 16 ounce,1,0.0009728951413616641,False,
item_weight,ounce to 24 ounce,1,0.0009728951413616641,False,
item_weight,pound to 20 pound,1,0.0009728951413616641,False,
item_weight,pound to 321 pound,1,0.0009728951413616641,False,
item_weight,pound to 49 pound,1,0.0009728951413616641,False,
item_weight,pound to 58 pound,1,0.0009728951413616641,False,
item_weight,pound to 8 pound,1,0.0009728951413616641,False,
item_weight,pound to 84 pound,1,0.0009728951413616641,False,
item_weight,pound to 90 pound,1,0.0009728951413616641,False,
item_weight,watt,1,0.0009728951413616641,False,watt
maximum_weight_recommendation,kilogram,1335,40.913269996935334,True,kilogram
maximum_weight_recommendation,pound,1004,30.76923076923077,True,pound
maximum_weight_recommendation,gram,430,13.178057002758198,True,gram
maximum_weight_recommendation,ton,234,7.171314741035857,True,ton
maximum_weight_recommendation,ounce,143,4.382470119521913,True,ounce
maximum_weight_recommendation,milligram,48,1.4710389212381243,True,milligram
maximum_weight_recommendation,microgram,23,0.7048728164266013,True,microgram
maximum_weight_recommendation,person,8,0.24517315353968738,False,
maximum_weight_recommendation,2.0] kilogram,4,0.12258657676984369,False,
maximum_weight_recommendation,kilogram to 25 kilogram,4,0.12258657676984369,False,
maximum_weight_recommendation,kilogram to 36 kilogram,4,0.12258657676984369,False,
maximum_weight_recommendation,2022.0] gram,2,0.061293288384921846,False,
maximum_weight_recommendation,2023.0] gram,2,0.061293288384921846,False,
maximum_weight_recommendation,horsepower,2,0.061293288384921846,False,
maximum_weight_recommendation,kilogram to 18 kilogram,2,0.061293288384921846,False,
maximum_weight_recommendation,pound to 15 pound,2,0.061293288384921846,False,
maximum_weight_recommendation,1.0] kilogram,1,0.030646644192460923,False,
maximum_weight_recommendation,10.0] kilogram,1,0.030646644192460923,False,
maximum_weight_recommendation,15.0] kilogram,1,0.030646644192460923,False,
maximum_weight_recommendation,15.0] pound,1,0.030646644192460923,False,
maximum_weight_recommendation,21.0] ton,1,0.030646644192460923,False,
maximum_weight_recommendation,65.0] pound,1,0.030646644192460923,False,
maximum_weight_recommendation,foot,1,0.030646644192460923,False,foot
maximum_weight_recommendation,kilogram to 0.9 kilogram,1,0.030646644192460923,False,
maximum_weight_recommendation,kilogram to 110 kilogram,1,0.030646644192460923,False,
maximum_weight_recommendation,kilogram to 2kilogram,1,0.030646644192460923,False,
maximum_weight_recommendation,kilogram to 41 kilogram,1,0.030646644192460923,False,
maximum_weight_recommendation,pound to 1pound,1,0.030646644192460923,False,
maximum_weight_recommendation,pound to 32 pound,1,0.030646644192460923,False,
maximum_weight_recommendation,pound to 40 pound,1,0.030646644192460923,False,
maximum_weight_recommendation,pound to 45 pound,1,0.030646644192460923,False,
maximum_weight_recommendation,pound to 55 pound,1,0.030646644192460923,False,
voltage,volt,7691,81.24867948447074,True,volt
voltage,240.0] volt,864,9.127403338263258,False,
voltage,265.0] volt,273,2.884005915909571,False,
voltage,120.0] volt,207,2.1867737164589056,False,
voltage,130.0] volt,87,0.9190788083667865,False,
voltage,12.0] volt,30,0.3169237270230298,False,
voltage,24.0] volt,30,0.3169237270230298,False,
voltage,277.0] volt,27,0.2852313543207268,False,
voltage,220.0] volt,26,0.2746672300866258,False,
voltage,10.0] volt,25,0.26410310585252483,False,
voltage,127.0] volt,20,0.21128248468201988,False,
voltage,260.0] volt,20,0.21128248468201988,False,
voltage,250.0] volt,16,0.1690259877456159,False,
voltage,230.0] volt,14,0.1478977392774139,False,
voltage,18.0] volt,8,0.08451299387280795,False,
voltage,300.0] volt,7,0.07394886963870695,False,
voltage,9.0] volt,7,0.07394886963870695,False,
voltage,245.0] volt,6,0.06338474540460595,False,
voltage,14.4] volt,5,0.05282062117050497,False,
voltage,20.0] volt,5,0.05282062117050497,False,
voltage,280.0] volt,5,0.05282062117050497,False,
voltage,30.0] volt,5,0.05282062117050497,False,
voltage,340.0] volt,5,0.05282062117050497,False,
voltage,360.0] volt,5,0.05282062117050497,False,
voltage,8.0] volt,5,0.05282062117050497,False,
voltage,3.2] volt,4,0.04225649693640397,False,
voltage,125.0] volt,3,0.031692372702302976,False,
voltage,23.7] volt,3,0.031692372702302976,False,
voltage,347.0] volt,3,0.031692372702302976,False,
voltage,36.0] volt,3,0.031692372702302976,False,
voltage,54.0] volt,3,0.031692372702302976,False,
voltage,8.4] volt,3,0.031692372702302976,False,
voltage,132.0] volt,2,0.021128248468201986,False,
voltage,140.0] volt,2,0.021128248468201986,False,
voltage,16.5] volt,2,0.021128248468201986,False,
voltage,2.2] volt,2,0.021128248468201986,False,
voltage,200.0] volt,2,0.021128248468201986,False,
voltage,256.0] volt,2,0.021128248468201986,False,
voltage,285.0] volt,2,0.021128248468201986,False,
voltage,3.4] volt,2,0.021128248468201986,False,
voltage,380.0] volt,2,0.021128248468201986,False,
voltage,4.4] volt,2,0.021128248468201986,False,
voltage,415.0] volt,2,0.021128248468201986,False,
voltage,5.0] volt,2,0.021128248468201986,False,
voltage,14.0] volt,1,0.010564124234100993,False,
voltage,14.8] volt,1,0.010564124234100993,False,
voltage,16.8] volt,1,0.010564124234100993,False,
voltage,17.0] volt,1,0.010564124234100993,False,
voltage,205.0] volt,1,0.010564124234100993,False,
voltage,21.0] volt,1,0.010564124234100993,False,
voltage,248.0] volt,1,0.010564124234100993,False,
voltage,264.0] volt,1,0.010564124234100993,False,
voltage,268.0] volt,1,0.010564124234100993,False,
voltage,3.6] volt,1,0.010564124234100993,False,
voltage,305.0] volt,1,0.010564124234100993,False,
voltage,32.0] volt,1,0.010564124234100993,False,
voltage,350.0] volt,1,0.010564124234100993,False,
voltage,4.2] volt,1,0.010564124234100993,False,
voltage,440.0] volt,1,0.010564124234100993,False,
voltage,45.0] volt,1,0.010564124234100993,False,
voltage,460.0] volt,1,0.010564124234100993,False,
voltage,53.0] volt,1,0.010564124234100993,False,
voltage,6.0] volt,1,0.010564124234100993,False,
voltage,60.0] volt,1,0.010564124234100993,False,
voltage,63.0] volt,1,0.010564124234100993,False,
voltage,66.0] volt,1,0.010564124234100993,False,
voltage,70.0] volt,1,0.010564124234100993,False,
voltage,72.0] volt,1,0.010564124234100993,False,
voltage,82.0] volt,1,0.010564124234100993,False,
voltage,85.0] volt,1,0.010564124234100993,False,
voltage,96.0] volt,1,0.010564124234100993,False,
wattage,watt,7339,94.63571889103804,True,watt
wattage,horsepower,244,3.1463571889103807,False,
wattage,kilowatt,85,1.096067053513862,True,kilowatt
wattage,kilowatt hour,24,0.3094777562862669,False,
wattage,100.0] watt,3,0.03868471953578336,False,
wattage,2.5] watt,3,0.03868471953578336,False,
wattage,20.0] watt,3,0.03868471953578336,False,
wattage,24.0] watt,3,0.03868471953578336,False,
wattage,40.0] watt,3,0.03868471953578336,False,
wattage,60.0] watt,3,0.03868471953578336,False,
wattage,10.0] watt,2,0.02578981302385558,False,
wattage,12.0] watt,2,0.02578981302385558,False,
wattage,130.0] watt,2,0.02578981302385558,False,
wattage,2.0] watt,2,0.02578981302385558,False,
wattage,3.0] watt,2,0.02578981302385558,False,
wattage,30.0] watt,2,0.02578981302385558,False,
wattage,4.5] watt,2,0.02578981302385558,False,
wattage,48.0] watt,2,0.02578981302385558,False,
wattage,7.0] watt,2,0.02578981302385558,False,
wattage,7.5] watt,2,0.02578981302385558,False,
wattage,8.0] watt,2,0.02578981302385558,False,
wattage,15.0] watt,1,0.01289490651192779,False,
wattage,160.0] watt,1,0.01289490651192779,False,
wattage,18.0] watt,1,0.01289490651192779,False,
wattage,2.39] watt,1,0.01289490651192779,False,
wattage,2.55] watt,1,0.01289490651192779,False,
wattage,2.7] watt,1,0.01289490651192779,False,
wattage,200.0] watt,1,0.01289490651192779,False,
wattage,240.0] watt,1,0.01289490651192779,False,
wattage,2500.0] watt,1,0.01289490651192779,False,
wattage,27.0] watt,1,0.01289490651192779,False,
wattage,280.0] watt,1,0.01289490651192779,False,
wattage,32.0] watt,1,0.01289490651192779,False,
wattage,325.0] watt,1,0.01289490651192779,False,
wattage,350.0] watt,1,0.01289490651192779,False,
wattage,45.0] watt,1,0.01289490651192779,False,
wattage,50.0] watt,1,0.01289490651192779,False,
wattage,52.0] watt,1,0.01289490651192779,False,
wattage,6.0] watt,1,0.01289490651192779,False,
wattage,7.0] horsepower,1,0.01289490651192779,False,
wattage,75.0] watt,1,0.01289490651192779,False,
wattage,874.0] watt,1,0.01289490651192779,False,
wattage,95.0] watt,1,0.01289490651192779,False,
wattage,milliampere hour,1,0.01289490651192779,False,
width,centimetre,21732,49.18633863703234,True,centimetre
width,inch,15274,34.56985718489012,True,inch
width,millimetre,6478,14.661747731027772,True,millimetre
width,foot,360,0.8147930199397958,True,foot
width,metre,339,0.7672634271099744,True,metre
